{"train/Loss":0.2502841353416443,"_wandb":{"runtime":138},"Pretrain/Loss":0.0021299009677022696,"_timestamp":1.7497197560670369e+09,"_runtime":128.689152,"_step":4299}