{"_timestamp":1.749720304884753e+09,"_runtime":144.717362,"_step":4299,"train/Loss":NaN,"_wandb":{"runtime":145},"Pretrain/Loss":0.0003862766025122255}