{"train/Loss":0.24914537370204926,"_wandb":{"runtime":144},"Pretrain/Loss":0.0017959736287593842,"_timestamp":1.749719389215246e+09,"_runtime":134.57024,"_step":4299}