{"_runtime":86.546537,"_step":3299,"Pretrain/Loss":0.01626751199364662,"train/Loss":1.1459141969680786,"_wandb":{"runtime":95},"_timestamp":1.749718545130813e+09}