{"_wandb":{"runtime":173},"_timestamp":1.749721928073306e+09,"_runtime":171.245052,"_step":5049,"Pretrain/Loss":0.0021299009677022696,"train/Loss":0.2889488935470581,"DEC/Entropy":0.5267379879951477,"DEC/Delta":0.0008922596475574393}