{"_wandb":{"runtime":45},"Pretrain/Loss":0.009810831397771835,"_timestamp":1.749716319865558e+09,"_runtime":44.528007,"_step":1599,"train/Loss":NaN}