{"train/Loss":0.12829308211803436,"_wandb":{"runtime":158},"Pretrain/Loss":0.0003862766025122255,"_timestamp":1.7497205359204931e+09,"_runtime":148.770531,"_step":4299}