{"_wandb":{"runtime":96},"Pretrain/Loss":0.17556586861610413,"_timestamp":1.749717369099346e+09,"_runtime":86.718194,"_step":3499,"train/Loss":2.3183681964874268}