{"Pretrain/Loss":0.01375978160649538,"_timestamp":1.749718662669065e+09,"_runtime":77.010318,"_step":3299,"train/Loss":1.2036752700805664,"_wandb":{"runtime":86}}