{"train/Loss":2.323530912399292,"_wandb":{"runtime":106},"Pretrain/Loss":0.05073970556259155,"_timestamp":1.749718255472491e+09,"_runtime":97.085196,"_step":3299}