{"train/Loss":1.3398003578186035,"_wandb":{"runtime":172},"Pretrain/Loss":0.008920179679989815,"_timestamp":1.749719012784448e+09,"_runtime":161.981697,"_step":8299}