{"_timestamp":1.749721711407454e+09,"train/Loss":0.2889488935470581,"DEC/Entropy":0.5055687427520752,"DEC/Delta":0.0017845192951148785,"_wandb":{"runtime":180},"_runtime":177.969933,"_step":5035,"Pretrain/Loss":0.0021299009677022696}