{"_timestamp":1.7497183766116621e+09,"_runtime":78.850448,"_step":3299,"train/Loss":1.0917829275131226,"_wandb":{"runtime":88},"Pretrain/Loss":0.019536131992936134}