{"_step":1699,"Pretrain/Loss":0.16413863003253937,"_timestamp":1.749717185717702e+09,"train/Loss":2.449049711227417,"_wandb":{"runtime":56},"_runtime":46.025591}