{"Pretrain/Loss":0.16413863003253937,"_timestamp":1.749717068661389e+09,"_runtime":45.552453,"train/Loss":2.8697445392608643,"_wandb":{"runtime":56},"_step":1699}