{"_wandb":{"runtime":157},"_runtime":147.741881,"_step":4299,"Pretrain/Loss":0.000830716104246676,"_timestamp":1.749720069874324e+09,"train/Loss":0.1031661257147789}