{"_step":1599,"Pretrain/Loss":0.027904849499464035,"train/Loss":3.4468204975128174,"_wandb":{"runtime":52},"_timestamp":1.749718068023551e+09,"_runtime":41.554861}