{"_wandb":{"runtime":102},"Pretrain/Loss":0.15792232751846313,"_timestamp":1.749717540470367e+09,"_runtime":89.908681,"_step":3499,"train/Loss":2.131826877593994}