{"_step":1599,"Pretrain/Loss":0.018406512215733528,"train/Loss":0.2741658091545105,"_wandb":{"runtime":70},"_timestamp":1.749716535664656e+09,"_runtime":60.539436}