{"_step":1599,"train/Loss":1.5859479904174805,"_wandb":{"runtime":48},"Pretrain/Loss":0.13186794519424438,"_timestamp":1.749716629384437e+09,"_runtime":38.825908}