{"_step":4299,"train/Loss":1.3232446908950806,"_wandb":{"runtime":95},"Pretrain/Loss":0.009748768992722034,"_timestamp":1.7497187924597602e+09,"_runtime":85.81739}