{"_timestamp":1.749716932592926e+09,"_runtime":43.630085,"train/Loss":2.853379487991333,"_wandb":{"runtime":55},"_step":1699,"Pretrain/Loss":0.3000197112560272}