{"train/Loss":1.891805648803711,"_wandb":{"runtime":125},"_timestamp":1.749717745464185e+09,"_runtime":115.314467,"_step":3999,"Pretrain/Loss":0.12331106513738632}