{"train/Loss":0.2581890821456909,"_wandb":{"runtime":66},"_step":1599,"Pretrain/Loss":0.012847941368818283,"_timestamp":1.749716419878551e+09,"_runtime":55.85044}