{"train/Loss":NaN,"_wandb":{"runtime":146},"Pretrain/Loss":0.0035648238845169544,"_timestamp":1.749719230318462e+09,"_runtime":146.102728,"_step":4299}