{"_timestamp":1.749721332645875e+09,"_runtime":132.651412,"_step":4299,"train/Loss":0.2889488935470581,"_wandb":{"runtime":143},"Pretrain/Loss":0.0021299009677022696}