{"_wandb":{"runtime":59},"_timestamp":1.7497179959537501e+09,"_runtime":50.05694,"_step":1599,"Pretrain/Loss":0.04842611402273178,"train/Loss":3.1510157585144043}